{"cameraMode":{"drawMode":0,"name":"Shaded","section":"Shading Mode"},"sceneLighting":true,"audioPlay":false,"sceneViewState":{"m_AlwaysRefresh":false,"showFog":true,"showSkybox":true,"showFlares":true,"showImageEffects":true,"showParticleSystems":true,"showVisualEffectGraphs":true,"m_FxEnabled":true},"in2DMode":false,"pivot":{"x":1.8325774669647217,"y":1.840801477432251,"z":4.339280128479004},"rotation":{"x":0.007007256615906954,"y":-0.9925249218940735,"z":0.10008599609136582,"w":0.0694890096783638},"size":2.001518726348877,"orthographic":false}